Workbook

Sheet 导出摘要
B3: 此文稿由 Numbers 表格导出。所有表格均已转换为 Excel 工作表。每张 Numbers 工作表上的所有其他对象都已放置在单独的工作表中。请注意其中的公式计算可能与 Excel 不同。
B7: Numbers 工作表名称 | C7: Numbers 表格名称 | D7: Excel 工作表名称
B9: 报价表
C10: 1、 需求分析 | Demand analysis | D10: 报价表 - 1、 需求分析 | Demand analysis
C11: 2、界面 & 交互设计 | UI & UX Design | D11: 报价表 - 2、界面 & 交互设计 | UI & UX Des
C12: 3、安卓端开发 | Android Application | D12: 报价表 - 3、安卓端开发 | Android Applica
C13: 4、苹果端开发 | iOS Application | D13: 报价表 - 4、苹果端开发 | iOS Application
C14: 5、PC内容管理系统 | CMS | D14: 报价表 - 5、PC内容管理系统 | CMS
C15: 6、费用总计 | Total expenses | D15: 报价表 - 6、费用总计 | Total expenses
C16: 6、费用总计 | Total expenses-1 | D16: 报价表 - 6、费用总计 | Total expenses-1
C17: “来自工作表的所有绘图” | D17: 报价表 - 绘图
B18: 人天单价
C19: Table 1 | D19: 人天单价 - Table 1

Sheet 报价表 - 1、 需求分析 | Demand analysis
A1: 1、 需求分析 | Demand analysis
A2: 序号 | B2: 功能 | Function | C2: 子项 | Subitem | D2: 描述 | Describe | E2: 工时评估（日） | F2: 费用评估（元）
A3: 1 | B3: 需求分析 | C3: | | D3: 1. 沟通了解项目需求 2. 整理需求，设计功能逻辑结构 3. 构思设计方案，构思实现形式和可行性评估、评估开发周期 | E3: 2 | F3: {=PRODUCT(E3*_xlfn.SINGLE('人天单价 - Table 1'!A1:A2))} -> 2000
A4: 费用小计 Subtotal | E4: {=SUM(E3:E3)} -> 2 | F4: {=SUM(F3:F3)} -> 2000

Sheet 报价表 - 2、界面 & 交互设计 | UI & UX Des
A1: 2、界面 & 交互设计 | UI & UX Design
A2: 序号 | B2: 功能 | Function | C2: 子项 | Subitem | D2: 描述 | Describe | E2: 工时评估（日） | F2: 费用评估（元）
A3: 1 | B3: Logo设计 | C3: | | D3: 设计APP Logo（包含多个尺寸），由客户提供设计方向 | E3: 2 | F3: {=PRODUCT(E3*_xlfn.SINGLE('人天单价 - Table 1'!A1:A2))} -> 2000
A4: 2 | B4: 原型设计 | C4: | | D4: 根据需求设计所有前端的页面原型 原型实现基本的页面跳转和交互 | E4: 2 | F4: {=PRODUCT(E4*_xlfn.SINGLE('人天单价 - Table 1'!A1:A2))} -> 2000
A5: 3 | B5: UI / UE设计 | C5: iOS | D5: 1. 视觉风格设计 2. 视觉内页设计 3 .页面设计方案需同时兼容Apple手机iphone5以上机型，确保兼容iOS9.x以上系统版本 | E5: 3 | F5: {=PRODUCT(E5*_xlfn.SINGLE('人天单价 - Table 1'!A1:A2))} -> 3000
C6: Android | D6: 1. 页面跟iOS的设计大部分一致，根据Android设备的规范及特性做特殊适配处理 2. 兼容市面上主流的安卓品牌机型和主流的安卓系统（由于安卓系统开源，自定义程度高，不确定性比较高） | E6: 2 | F6: {=PRODUCT(E6*_xlfn.SINGLE('人天单价 - Table 1'!A1:A2))} -> 2000
A7: 费用小计 Subtotal | E7: {=SUM(E3:E6)} -> 9 | F7: {=SUM(F3:F6)} -> 9000

Sheet 报价表 - 3、安卓端开发 | Android Applica
A1: 3、安卓端开发 | Android Application
A2: 序号 | B2: 功能 | Function | C2: 子项 | Subitem | D2: 描述 | Describe | E2: 工时评估（日） | F2: 费用评估（元）
A3: 1 | B3: 基础功能 | C3: 框架搭建 | D3: 搭建项目的框架，包括代码的框架和UI的框架 | E3: 1 | F3: {=PRODUCT(E3*_xlfn.SINGLE('人天单价 - Table 1'!A1:A2))} -> 1000
C4: API | D4: 通过网络获取后台服务器的数据，并将每一条API接口转换成数据对象 | E4: 3 | F4: {=PRODUCT(E4*_xlfn.SINGLE('人天单价 - Table 1'!A1:A2))} -> 3000
A5: 2 | B5: 用户登录 | C5: 用户登录 | D5: 通过填写手机号码和密码登录系统 | E5: 0.5 | F5: {=PRODUCT(E5*_xlfn.SINGLE('人天单价 - Table 1'!A1:A2))} -> 500
C6: 注册 | 忘记密码 | D6: 用户可以通过手机号码注册，也可以通过手机手机收短信验证码修改密码 | E6: 1 | F6: {=PRODUCT(E6*_xlfn.SINGLE('人天单价 - Table 1'!A1:A2))} -> 1000
A7: 3 | B7: 订单管理 | C7: 订单列表 | D7: 订单分为4种状态，分别是待确认，待付款，待发货，已完成。订单列表分四个标签栏显示 | E7: 1 | F7: {=PRODUCT(E7*_xlfn.SINGLE('人天单价 - Table 1'!A1:A2))} -> 1000
C8: 订单详情 | D8: 显示订单的详细信息，包含订单商品明细，订单金额，收货人信息，备注，订单编号，物流单号等信息。不同订单状态显示的详情信息略有不同 | E8: 1 | F8: {=PRODUCT(E8*_xlfn.SINGLE('人天单价 - Table 1'!A1:A2))} -> 1000
A9: 4 | B9: 推送 | C9: | | D9: 1. 整合极光推送的第三方推送服务 2. 接收服务端的推送消息，并相应显示在标题栏或实现提供及跳转的相关功能 | E9: 1 | F9: {=PRODUCT(E9*_xlfn.SINGLE('人天单价 - Table 1'!A1:A2))} -> 1000
A10: 5 | B10: 测试联调 | C10: 项目测试 | D10: 单元测试，集成测试。测试不同设备，不同系统，不同分辨率的软件运行情况。 | E10: 2 | F10: {=PRODUCT(E10*_xlfn.SINGLE('人天单价 - Table 1'!A1:A2))} -> 2000
C11: 项目调试 | D11: 适配不同的手机分辨率，迭代开发，修复测试人员找到的各种问题 | E11: 2 | F11: {=PRODUCT(E11*_xlfn.SINGLE('人天单价 - Table 1'!A1:A2))} -> 2000
A12: 6 | B12: 上线支持 | C12: 发布与上线 | D12: 发布版本，协助App上线到 APPSTORE | E12: 1 | F12: {=PRODUCT(E12*_xlfn.SINGLE('人天单价 - Table 1'!A1:A2))} -> 1000
C13: 维护 | D13: 提供三个月的免费维护期，不包括优化和非合同需求bug | E13: 0 | F13: {=PRODUCT(E13*_xlfn.SINGLE('人天单价 - Table 1'!A1:A2))} -> 0
A14: 费用小计 Subtotal | E14: {=SUM(E3:E13)} -> 13.5 | F14: {=SUM(F3:F13)} -> 13500

Sheet 报价表 - 4、苹果端开发 | iOS Application
A1: 4、苹果端开发 | iOS Application
A2: 序号 | B2: 功能 | Function | C2: 子项 | Subitem | D2: 描述 | Describe | E2: 工时评估（日） | F2: 费用评估（元）
A3: 1 | B3: 基础功能 | C3: 框架搭建 | D3: 搭建项目的框架，包括代码的框架和UI的框架 | E3: 1 | F3: {=PRODUCT(E3*_xlfn.SINGLE('人天单价 - Table 1'!A1:A2))} -> 1000
C4: API | D4: 通过网络获取后台服务器的数据，并将每一条API接口转换成数据对象 | E4: 3 | F4: {=PRODUCT(E4*_xlfn.SINGLE('人天单价 - Table 1'!A1:A2))} -> 3000
A5: 2 | B5: 用户登录 | C5: 用户登录 | D5: 通过填写手机号码和密码登录系统 | E5: 0.5 | F5: {=PRODUCT(E5*_xlfn.SINGLE('人天单价 - Table 1'!A1:A2))} -> 500
C6: 注册 | 忘记密码 | D6: 用户可以通过手机号码注册，也可以通过手机手机收短信验证码修改密码 | E6: 1 | F6: {=PRODUCT(E6*_xlfn.SINGLE('人天单价 - Table 1'!A1:A2))} -> 1000
A7: 3 | B7: 订单管理 | C7: 订单列表 | D7: 订单分为4种状态，分别是待确认，待付款，待发货，已完成。订单列表分四个标签栏显示 | E7: 1 | F7: {=PRODUCT(E7*_xlfn.SINGLE('人天单价 - Table 1'!A1:A2))} -> 1000
C8: 订单详情 | D8: 显示订单的详细信息，包含订单商品明细，订单金额，收货人信息，备注，订单编号，物流单号等信息。不同订单状态显示的详情信息略有不同 | E8: 1 | F8: {=PRODUCT(E8*_xlfn.SINGLE('人天单价 - Table 1'!A1:A2))} -> 1000
A9: 4 | B9: 推送 | C9: | | D9: 1. 整合极光推送的第三方推送服务 2. 接收服务端的推送消息，并相应显示在标题栏或实现提供及跳转的相关功能 | E9: 0.5 | F9: {=PRODUCT(E9*_xlfn.SINGLE('人天单价 - Table 1'!A1:A2))} -> 500
A10: 5 | B10: 测试联调 | C10: 项目测试 | D10: 单元测试，集成测试。测试不同设备，不同系统，不同分辨率的软件运行情况。 | E10: 2 | F10: {=PRODUCT(E10*_xlfn.SINGLE('人天单价 - Table 1'!A1:A2))} -> 2000
C11: 项目调试 | D11: 适配不同的手机分辨率，迭代开发，修复测试人员找到的各种问题 | E11: 2 | F11: {=PRODUCT(E11*_xlfn.SINGLE('人天单价 - Table 1'!A1:A2))} -> 2000
A12: 6 | B12: 上线支持 | C12: 发布与上线 | D12: 发布版本，协助App上线到 应用宝 | E12: 1 | F12: {=PRODUCT(E12*_xlfn.SINGLE('人天单价 - Table 1'!A1:A2))} -> 1000
C13: 维护 | D13: 提供三个月的免费维护期，不包括优化和非合同需求bug | E13: 0 | F13: {=PRODUCT(E13*_xlfn.SINGLE('人天单价 - Table 1'!A1:A2))} -> 0
A14: 费用小计 Subtotal | E14: {=SUM(E3:E13)} -> 13 | F14: {=SUM(F3:F13)} -> 13000

Sheet 报价表 - 5、PC内容管理系统 | CMS
A1: 5、PC内容管理系统 | CMS
A2: 序号 | B2: 功能 | Function | C2: 子项 | Subitem | D2: 描述 | Describe | E2: 工时评估（日） | F2: 费用评估（元）
A3: 1 | B3: 基础功能 | C3: 框架搭建 | D3: 搭建项目的框架，包括代码的框架和UI的框架 | E3: 1 | F3: {=PRODUCT(E3*_xlfn.SINGLE('人天单价 - Table 1'!A1:A2))} -> 1000
C4: API设计 & 实现 | D4: 设计APP跟后台的API数据接口，并实现这些接口的业务逻辑及数据的获取提供给APP调用 | E4: 3 | F4: {=PRODUCT(E4*_xlfn.SINGLE('人天单价 - Table 1'!A1:A2))} -> 3000
C5: 数据库设计 | D5: 设计数据库，并生成数据库的字典文档 | E5: 1 | F5: {=PRODUCT(E5*_xlfn.SINGLE('人天单价 - Table 1'!A1:A2))} -> 1000
A6: 2 | B6: 用户管理 | C6: | | D6: 注册用户的增加，修改，删除，列表查看功能。 | E6: 1 | F6: {=PRODUCT(E6*_xlfn.SINGLE('人天单价 - Table 1'!A1:A2))} -> 1000
A7: 3 | B7: 订单列表 | C7: 订单管理 | D7: 用户下的所有订单，可以在这里进行查看。并可以对订单进行确认，修改，发货操作 | E7: 1 | F7: {=PRODUCT(E7*_xlfn.SINGLE('人天单价 - Table 1'!A1:A2))} -> 1000
A8: 4 | B8: 测试联调 | C8: 项目测试 | D8: 单元测试，集成测试。测试不同浏览器上运行后台的测试 | E8: 2 | F8: {=PRODUCT(E8*_xlfn.SINGLE('人天单价 - Table 1'!A1:A2))} -> 2000
C9: 项目调试 | D9: 根据测试人员收集到问题，修复找到的各种问题 | E9: 2 | F9: {=PRODUCT(E9*_xlfn.SINGLE('人天单价 - Table 1'!A1:A2))} -> 2000
A10: 5 | B10: 上线支持 | C10: 发布 | D10: 将后台部署到客户阿里云的服务器上面 | E10: 1 | F10: {=PRODUCT(E10*_xlfn.SINGLE('人天单价 - Table 1'!A1:A2))} -> 1000
C11: 维护 | D11: 提供三个月的免费维护期，不包括优化和非合同需求bug | E11: 0 | F11: {=PRODUCT(E11*_xlfn.SINGLE('人天单价 - Table 1'!A1:A2))} -> 0
A12: 费用小计 Subtotal | E12: {=SUM(E3:E11)} -> 12 | F12: {=SUM(F3:F11)} -> 12000

Sheet 报价表 - 6、费用总计 | Total expenses
A1: 开发总计 Develop expenses
A2: 评估项 | B2: 需求分析 | C2: UI / UE设计 | D2: 安卓端 | E2: iOS端 | F2: PC后台
A3: 所需人天（日） | B3: {='报价表 - 1、 需求分析 | Demand analysis'!E4} -> 2 | C3: {='报价表 - 2、界面 & 交互设计 | UI & UX Des'!E7} -> 9 | D3: {='报价表 - 3、安卓端开发 | Android Applica'!E14} -> 13.5 | E3: {='报价表 - 4、苹果端开发 | iOS Application'!E14} -> 13 | F3: {='报价表 - 5、PC内容管理系统 | CMS'!E12} -> 12
A4: 费用小计（元） | B4: {='报价表 - 1、 需求分析 | Demand analysis'!F4} -> 2000 | C4: {='报价表 - 2、界面 & 交互设计 | UI & UX Des'!F7} -> 9000 | D4: {='报价表 - 3、安卓端开发 | Android Applica'!F14} -> 13500 | E4: {='报价表 - 4、苹果端开发 | iOS Application'!F14} -> 13000 | F4: {='报价表 - 5、PC内容管理系统 | CMS'!F12} -> 12000
A5: 总开发人天 | Total Manday | C5: {=SUM(B3:F3)} -> 49.5 | D5: 费用总计 | Total expenses | F5: {=SUM(B4:F4)} -> 49500

Sheet 报价表 - 6、费用总计 | Total expenses-1
A1: 售后服务 After-sale service
A2: 服务项 | Item | B2: 服务内容 | Service content
A3: 【日常维护】 | B3: 定时检查网站程序漏洞；设置安全防范程序，防范黑客入侵；定时备份资料；定时重启服务器；保证服务器日常运行。
A4: 【故障维护】 | B4: 当项目发生重大故障时（如服务器挂掉），上班与非上班时间，我司都会立即派人进行处理，争取最快速度修复故障。如果是普通故障，影响不大，上班时间会进行处理，通常半到一天内可以解决
A5: 【BUG修复】 | B5: 只包括功能需求内的一些问题，不包括功能的优化，和新加的功能需求
A6: 【咨询服务】 | B6: 在贵司运营期间遇到的关于该项目方面的问题，都可以向我司电话或网络咨询，我司提供专业人员解答贵司问题。
A7: PS：如果免费维护期过后，如贵司需要我司继续提供售后服务，需要另外收费。维护费用为：项目总报价的10% ~ 20%/每年

Sheet 报价表 - 绘图

Sheet 人天单价 - Table 1
A1: 人天单价
A2: 1000
